<?xml version="1.0" encoding="utf-8"?>
<odoo>
    <data noupdate="1">

        <record id="impuestos_plantilla_timbre_prensa" model="account.tax.template">
            <field name="chart_template_id" ref="l10n_gt.cuentas_plantilla"/>
            <field name="sequence">1</field>
            <field name="name">Timbre de Prensa</field>
            <field name="description">Timbre de Prensa</field>
            <field name="amount" eval="0.5"/>
            <field name="amount_type">code</field>
            <field name="type_tax_use">purchase</field>
            <field name="price_include" eval="True"/>
            <field name="python_compute">
result = price_unit / 1.12 * 0.005
            </field>
        </record>

        <record id="impuestos_plantilla_idp_super" model="account.tax.template">
            <field name="chart_template_id" ref="l10n_gt.cuentas_plantilla"/>
            <field name="sequence">1</field>
            <field name="name">IDP Super</field>
            <field name="description">IDP Super</field>
            <field name="amount" eval="4.7"/>
            <field name="amount_type">fixed</field>
            <field name="type_tax_use">purchase</field>
            <field name="price_include" eval="True"/>
        </record>

        <record id="impuestos_plantilla_idp_regular" model="account.tax.template">
            <field name="chart_template_id" ref="l10n_gt.cuentas_plantilla"/>
            <field name="sequence">1</field>
            <field name="name">IDP Regular</field>
            <field name="description">IDP Regular</field>
            <field name="amount" eval="4.6"/>
            <field name="amount_type">fixed</field>
            <field name="type_tax_use">purchase</field>
            <field name="price_include" eval="True"/>
        </record>

        <record id="impuestos_plantilla_idp_disel" model="account.tax.template">
            <field name="chart_template_id" ref="l10n_gt.cuentas_plantilla"/>
            <field name="sequence">1</field>
            <field name="name">IDP Disel</field>
            <field name="description">IDP Disel</field>
            <field name="amount" eval="1.3"/>
            <field name="amount_type">fixed</field>
            <field name="type_tax_use">purchase</field>
            <field name="price_include" eval="True"/>
        </record>

        <record id="impuestos_plantilla_iva_especial" model="account.tax.template">
            <field name="chart_template_id" ref="l10n_gt.cuentas_plantilla"/>
            <field name="sequence">15</field>
            <field name="name">IVA Factura Especial</field>
            <field name="description">IVA Factura Especial</field>
            <field name="amount" eval="-12"/>
            <field name="amount_type">percent</field>
            <field name="type_tax_use">sale</field>
            <field name="price_include" eval="False"/>
        </record>

        <record id="impuestos_plantilla_isr_retencion" model="account.tax.template">
            <field name="chart_template_id" ref="l10n_gt.cuentas_plantilla"/>
            <field name="sequence">20</field>
            <field name="name">ISR Retención</field>
            <field name="description">ISR Retención</field>
            <field name="amount" eval="0.05"/>
            <field name="amount_type">code</field>
            <field name="type_tax_use">purchase</field>
            <field name="price_include" eval="False"/>
            <field name="python_compute">
if base_amount &gt; 30000:
    result = 30000 * -0.05
    result += (base_amount - 30000) * -0.07
else:
    result = base_amount * -0.05
            </field>
        </record>

        <record id="impuestos_plantilla_isr_factura_especial" model="account.tax.template">
            <field name="chart_template_id" ref="l10n_gt.cuentas_plantilla"/>
            <field name="sequence">25</field>
            <field name="name">ISR Factura Especial</field>
            <field name="description">ISR Factura Especial</field>
            <field name="amount" eval="0.05"/>
            <field name="amount_type">code</field>
            <field name="type_tax_use">purchase</field>
            <field name="price_include" eval="False"/>
            <field name="python_compute">
if base_amount &gt; 30000:
    result = 30000 * -0.05
    result += (base_amount - 30000) * -0.07
else:
    result = base_amount * -0.05
            </field>
        </record>

        <record id="impuestos_timbre_prensa" model="account.tax">
            <field name="sequence">1</field>
            <field name="name">Timbre de Prensa</field>
            <field name="description">Timbre de Prensa</field>
            <field name="amount" eval="0.5"/>
            <field name="amount_type">code</field>
            <field name="type_tax_use">purchase</field>
            <field name="price_include" eval="True"/>
            <field name="python_compute">
result = base_amount * 0.005
            </field>
        </record>

        <record id="impuestos_idp_super" model="account.tax">
            <field name="sequence">1</field>
            <field name="name">IDP Super</field>
            <field name="description">IDP Super</field>
            <field name="amount" eval="4.7"/>
            <field name="amount_type">fixed</field>
            <field name="type_tax_use">purchase</field>
            <field name="price_include" eval="True"/>
        </record>

        <record id="impuestos_idp_regular" model="account.tax">
            <field name="sequence">1</field>
            <field name="name">IDP Regular</field>
            <field name="description">IDP Regular</field>
            <field name="amount" eval="4.6"/>
            <field name="amount_type">fixed</field>
            <field name="type_tax_use">purchase</field>
            <field name="price_include" eval="True"/>
        </record>

        <record id="impuestos_idp_disel" model="account.tax">
            <field name="sequence">1</field>
            <field name="name">IDP Disel</field>
            <field name="description">IDP Disel</field>
            <field name="amount" eval="1.3"/>
            <field name="amount_type">fixed</field>
            <field name="type_tax_use">purchase</field>
            <field name="price_include" eval="True"/>
        </record>

        <record id="impuestos_iva_especial" model="account.tax">
            <field name="sequence">15</field>
            <field name="name">IVA Factura Especial</field>
            <field name="description">IVA Factura Especial</field>
            <field name="amount" eval="-12"/>
            <field name="amount_type">percent</field>
            <field name="type_tax_use">sale</field>
            <field name="price_include" eval="False"/>
        </record>

        <record id="impuestos_isr_retencion" model="account.tax">
            <field name="sequence">20</field>
            <field name="name">ISR Retención</field>
            <field name="description">ISR Retención</field>
            <field name="amount" eval="0.05"/>
            <field name="amount_type">code</field>
            <field name="type_tax_use">purchase</field>
            <field name="price_include" eval="False"/>
            <field name="python_compute">
if base_amount &gt; 30000:
    result = 30000 * -0.05
    result += (base_amount - 30000) * -0.07
else:
    result = base_amount * -0.05
            </field>
        </record>

        <record id="impuestos_isr_factura_especial" model="account.tax">
            <field name="sequence">25</field>
            <field name="name">ISR Factura Especial</field>
            <field name="description">ISR Factura Especial</field>
            <field name="amount" eval="0.05"/>
            <field name="amount_type">code</field>
            <field name="type_tax_use">purchase</field>
            <field name="price_include" eval="False"/>
            <field name="python_compute">
if base_amount &gt; 30000:
    result = 30000 * -0.05
    result += (base_amount - 30000) * -0.07
else:
    result = base_amount * -0.05
            </field>
        </record>

    </data>
</odoo>
