<?xml version='1.0' encoding='UTF-8'?>
<templates id="template" xml:space="preserve">

    <t t-name="OrderReceipt">
        <div class="pos-receipt">

            <br/>
            <div style="text-align:center" t-if='receipt.company.logo'>
              <img t-att-src="receipt.company.logo" alt="logo" height="70px" width="73px"/>
            </div>
            <t t-if='!receipt.company.logo'>
                <h2 class="pos-receipt-center-align">
                    <t t-esc='receipt.company.name' />
                </h2>
                <br/>
            </t>
            <div class="pos-center-align" style="margin-top:20px">----------------Datos Del Emisor---------------</div>
            <br/>
            <div class="pos-receipt-contact">
                <t t-if='receipt.company.contact_address'>
                    <div><t t-esc='receipt.company.contact_address' /></div>
                </t>
                <t t-if='receipt.company.phone'>
                    <div>Tel:<t t-esc='receipt.company.phone' /></div>
                </t>
                <t t-if='receipt.company.vat'>
                    <div><t t-esc='receipt.company.vat_label'/>:<t t-esc='receipt.company.vat' /></div>
                </t>
                <t t-if='receipt.company.email'>
                    <div><t t-esc='receipt.company.email' /></div>
                </t>
                <t t-if='receipt.company.website'>
                    <div><t t-esc='receipt.company.website' /></div>
                </t>
                <t t-if='receipt.header_html'>
                    <t t-raw='receipt.header_html' />
                </t>
                <t t-if='!receipt.header_html and receipt.header'>
                    <div><t t-esc='receipt.header' /></div>
                </t>
                <t t-if='receipt.cashier'>
                    <div class='cashier'>
                        <div>--------------------------------</div>
                        <div>Servido Por <t t-esc='receipt.cashier' /></div>
                        <div>Serie: <t t-esc="order.serie_fel"/></div>
                        <div>Numero: <t t-esc="order.numero_fel"/></div>
                        <div>Fecha Y Hora De Certificacion: <br/>
                            <t t-esc="order.date_fel"/>
                        </div>
                    </div>
                </t>
            </div>
            <div class="pos-center-align" style="margin-top:20px">------------Datos Del Comprador------------</div>
            <br/>
            <div class="pos-receipt-contact">
                <t t-if='receipt.company.vat'>
                    <div>NIT:<t t-esc='receipt.company.vat' /></div>
                </t>
                <t t-if='order.get_client()'>
                    <div>Nombre: <t t-esc='order.get_client().name' /></div>
                </t>
                <t t-if='order.get_client()'>
                    <div>La Alocucion: <t t-esc='order.get_client().address' /></div>
                </t>
            </div>
            <div class="pos-center-align" style="margin-top:20px">---------Descripcion De La Factura ---------</div>
            <br/>
            <!-- Orderlines -->
            <table class='orderlines'>
                <colgroup>
                    <col width="45px"/>
                    <col width="200px"/>
                    <col width="120px"/>
                    <col width="90px"/>
                </colgroup>
                <thead>
                    <tr>
                        <th class="pos-center-align">Cant</th>
                        <th class="pos-center-align">Descripcion</th>
                        <th class="pos-center-align">Precio</th>
                        <th class="pos-center-align">Total</th>
                    </tr>
                </thead>
                <tbody style="font-size:13.5px">
                    <tr t-foreach="receipt.orderlines" t-as="line">
                        <td class="pos-center-align" style="padding:5px">
                            <t t-esc="Math.round(line.quantity * Math.pow(10, pos.dp['Product Unit of Measure'])) / Math.pow(10, pos.dp['Product Unit of Measure'])"/>
                        </td>
                        <td class="pos-center-align" style="padding:5px">
                            <t t-set='simple' t-value='(line.discount === 0 and line.unit_name === "Units" and line.quantity === 1 and !discount_to_show and !(line.display_discount_policy == "without_discount" &amp;&amp; line.price != line.price_lst))' />
                            <t t-if='simple'>
                            <div>
                                <t t-esc='line.product_name_wrapped[0]' />
                               <!-- <span t-esc='widget.format_currency_no_symbol(line.price_display)' class="price_display pos-receipt-right-align"/>-->
                            </div>
                                <t t-call="OrderReceiptWrappedProductNameLines"/>
                            </t>
                            <t t-if='!simple'>
                                <div t-esc='line.product_name_wrapped[0]'/>
                                <t t-call="OrderReceiptWrappedProductNameLines"/>
                                <t t-if="line.display_discount_policy == 'without_discount' &amp;&amp; line.price != line.price_lst">
                                    <div class="pos-receipt-left-padding">
                                        <t t-esc="widget.format_currency_no_symbol(line.price_lst)" />
                                        ->
                                        <t t-esc="widget.format_currency_no_symbol(line.price)" />
                                    </div>
                                </t>
                               <!-- <t t-elif='line.discount !== 0'>
                                    <div class="pos-receipt-left-padding">
                                        <t t-if="pos.config.iface_tax_included === 'total'">
                                            <t t-esc="widget.format_currency_no_symbol(line.price_with_tax_before_discount)"/>
                                        </t>
                                        <t t-else="">
                                            <t t-esc="widget.format_currency_no_symbol(line.price)"/>
                                        </t>
                                    </div>
                                </t>-->
                                <t t-if='line.discount !== 0'>
                                    <div class="pos-receipt-center-padding">
                                        with a <t t-esc='line.discount' />% discount
                                    </div>
                                </t>
                                <!--<div class="pos-receipt-left-padding">
                                    <t t-esc="Math.round(line.quantity * Math.pow(10, pos.dp['Product Unit of Measure'])) / Math.pow(10, pos.dp['Product Unit of Measure'])"/>
                                    <t t-if='line.unit_name !== "Units"' t-esc='line.unit_name'/>
                                    x
                                    <t t-esc='widget.format_currency_no_symbol(line.price_display_one)' />
                                    <span class="price_display pos-receipt-right-align">
                                        <t t-esc='widget.format_currency_no_symbol(line.price_display)'/>
                                    </span>
                                </div>-->
                            </t>
                        </td>
                        <td class="pos-center-align" style="padding:5px">
                            <t t-esc='widget.format_currency_no_symbol(line.price_display_one)' />
                        </td>
                         <td class="pos-center-align" style="padding:5px">
                            <t t-esc='widget.format_currency_no_symbol(line.price_display)'/>
                         </td>
                    </tr>
                </tbody>
            </table>

            <!-- Subtotal -->
            <br/>
            <br/>
            <t t-set='taxincluded' t-value='Math.abs(receipt.subtotal - receipt.total_with_tax) &lt;= 0.000001' />
            <t t-if='!taxincluded'>
                <div class="pos-receipt-right-align">------------------</div>
                <br/>
                <div>Subtotal<span t-esc='widget.format_currency(receipt.subtotal)' class="pos-receipt-right-align"/></div>
                <t t-foreach='receipt.tax_details' t-as='tax'>
                    <div>
                        <t t-esc='tax.name' />
                        <span t-esc='widget.format_currency_no_symbol(tax.amount)' class="pos-receipt-right-align"/>
                    </div>
                </t>
            </t>

            <!-- Total -->
            <div class="pos-receipt-right-align">------------------</div>
            <br/>
            <div class="pos-receipt-amount" style="font-size:100%">
                TOTAL
                <span t-esc='widget.format_currency(receipt.total_with_tax)' class="pos-receipt-right-align"/>
            </div>
            <br/><br/>

            <!-- Payment Lines -->

            <t t-foreach='paymentlines' t-as='line'>
                <div>
                    <t t-esc='line.name' />
                    <span t-esc='widget.format_currency_no_symbol(line.get_amount())' class="pos-receipt-right-align"/>
                </div>
            </t>
            <br/>

            <div class="pos-receipt-amount receipt-change" style="font-size:100%">
                CHANGE
                <span t-esc='widget.format_currency(receipt.change)' class="pos-receipt-right-align"/>
            </div>
            <br/>

            <!-- Extra Payment Info -->

            <t t-if='receipt.total_discount'>
                <div>
                    Discounts
                    <span t-esc='widget.format_currency(receipt.total_discount)' class="pos-receipt-right-align"/>
                </div>
            </t>
            <t t-if='taxincluded'>
                <t t-foreach='receipt.tax_details' t-as='tax'>
                    <div>
                        <t t-esc='tax.name' />
                        <span t-esc='widget.format_currency_no_symbol(tax.amount)' class="pos-receipt-right-align"/>
                    </div>
                </t>
                <div>
                    Total Taxes
                    <span t-esc='widget.format_currency(receipt.total_tax)' class="pos-receipt-right-align"/>
                </div>
            </t>

            <div class='before-footer' />

            <!-- Footer -->
            <div t-if='receipt.footer_html'  class="pos-receipt-center-align">
                <t t-raw='receipt.footer_html'/>
            </div>

            <div t-if='!receipt.footer_html and receipt.footer'  class="pos-receipt-center-align" style="white-space:pre-line">
                <t t-esc='receipt.footer'/>
            </div>
            <br/>

            <div class='after-footer'>
                <t t-foreach='paymentlines' t-as='line'>
                    <t t-if='line.ticket'>
                        <br />
                        <div class="pos-payment-terminal-receipt">
                            <t t-raw='line.ticket'/>
                        </div>
                    </t>
                </t>
            </div>

            <br/>
            <div class="pos-receipt-order-data">
                <div><t t-esc='receipt.name' /></div>
                <div><t t-esc='receipt.date.localestring' /></div>
            </div>

            <div class="pos-center-align" style="margin-top:20px">--------------Datos Certificador ---------------</div>
            <br/>
            <div class="pos-receipt-contact">
                <div>Certificador: Megaprint, S.A</div>
                <div>Nit: 50510231</div>
                <div>Numero De Autorizacion:
                    <br/>
                    <t t-esc="order.firma_fel"/>
                </div>
            </div>

        </div>
    </t>

</templates>